group_id,recommendation,url_group,reason,page_count,sample_url_1,sample_url_2,sample_url_3,sample_url_4,sample_url_5
1,FLAG FOR REVIEW,Academic Calendar,Low traffic - assess relevance,208,https://www.nysid.edu/academic-calendar-list/last-day-to-drop-fall-courses-1,https://www.nysid.edu/academic-calendar-list/last-day-for-100-refund-for-fall-semester-3-kaxee,https://www.nysid.edu/academic-calendar-list/thanksgiving-break-no-classes-all-buildings-closed-1,https://www.nysid.edu/academic-calendar-list/summer-semester-begins-2,https://www.nysid.edu/academic-calendar-list/late-registration-for-spring-semesterspring2026
2,LEAVE BEHIND,Academic Calendar,Event page with minimal traffic - likely past event,208,https://www.nysid.edu/academic-calendar-list/last-day-to-drop-fall-courses-1?format=ical,https://www.nysid.edu/academic-calendar-list/last-day-for-100-refund-for-fall-semester-3-kaxee?format=ical,https://www.nysid.edu/academic-calendar-list/thanksgiving-break-no-classes-all-buildings-closed-1?format=ical,https://www.nysid.edu/academic-calendar-list/summer-semester-begins-2?format=ical,https://www.nysid.edu/academic-calendar-list/last-day-for-voluntary-withdrawal-from-classes-1?format=ical
3,FLAG FOR REVIEW,Atelier Magazine,Low traffic - assess relevance,157,https://www.nysid.edu/atelier-mag/nantucket-by-design-2020,https://www.nysid.edu/atelier-mag/porfolio-klayre-tan,https://www.nysid.edu/atelier-mag/portfolio-nirali-prajapati-23-mpsl,https://www.nysid.edu/atelier-mag/porfolio-grace-spiezia-samantha-berlanga,https://www.nysid.edu/atelier-mag/tag/fall+2018
4,FLAG FOR REVIEW,Press Releases,Moderate traffic but unclear strategic value value,121,https://www.nysid.edu/press-releases-and-in-the-news/the-new-york-school-of-interior-design-announces-honorees-for-annual-gala-2026,https://www.nysid.edu/press-releases-and-in-the-news/sketching-the-surface-exploring-the-new-york-school-of-interior-design-archives-and-contemporary-pattern-design,https://www.nysid.edu/press-releases-and-in-the-news?author=64dcd60578f02a78ef8650ae,https://www.nysid.edu/press-releases-and-in-the-news?author=6446c913dd9d6e5ab247846b,https://www.nysid.edu/press-releases-and-in-the-news?author=65f0c1b518bc7271f43a336b
5,LEAVE BEHIND,Documents & Downloads,Low traffic + poor quality + weak strategic value alignment,114,https://www.nysid.edu/s/academic-catalog-20192020-v2,https://www.nysid.edu/s/nysid-20-21-catalog-dec10.pdf,https://www.nysid.edu/s/nysid2018acadcatoct11.pdf,https://www.nysid.edu/s/nysid2022academiccatalog-dec7v2.pdf,https://www.nysid.edu/s/nysid-saccs-climate-survey-23-24-results.pdf
6,LEAVE BEHIND,Events Calendar,Event page with minimal traffic - likely past event,111,https://www.nysid.edu/events-calendar/printing-in-distemper-woodblock-workshop,https://www.nysid.edu/events-calendar/be-original-prevent-the-demise-of-design,https://www.nysid.edu/events-calendar/printing-in-distemper-woodblock-workshop?format=ical,https://www.nysid.edu/events-calendar/be-original-prevent-the-demise-of-design?format=ical,https://www.nysid.edu/events-calendar/interior-design-master-class-100-rooms
7,FLAG FOR REVIEW,Faculty Directory,Faculty/staff bio page - verify if person still employed,102,https://www.nysid.edu/faculty-directory/jeffri-boisvert,https://www.nysid.edu/faculty-directory/daniel-harper,https://www.nysid.edu/faculty-directory/tag/s,https://www.nysid.edu/faculty-directory/tim-chogovadze2,https://www.nysid.edu/faculty-directory/tama-duffy-day
8,FLAG FOR REVIEW,Other,Low traffic - assess relevance,85,https://www.nysid.edu/class-of-2021-thesis-and-studio-projects-work/kira-cedeno,https://www.nysid.edu/class-of-2021-thesis-and-studio-projects-work/chihchieh-hsu,https://www.nysid.edu/class-of-2021-thesis-and-studio-projects-work/jessica-hassler,https://www.nysid.edu/class-of-2021-thesis-and-studio-projects-work/cielo-cortes,https://www.nysid.edu/class-of-2021-thesis-and-studio-projects-work/tatiana-toshimitsu
9,LEAVE BEHIND,Blog,Low traffic + poor quality + weak strategic value alignment,82,https://www.nysid.edu/blog/john-buscarello-on-whats-foundational-vs-cutting-edge-in-kitchen-amp-bath-design,https://www.nysid.edu/blog/faculty-and-students-see-nysid-instructors-art-show-up-close-in-mumbai,https://www.nysid.edu/blog/precollege2020,https://www.nysid.edu/blog/tag/nancy+short,https://www.nysid.edu/blog/the-legacy-of-alumna-maria-spears
10,STALE CONTENT,Faculty Directory,Content from 2017 - older than 2025,79,https://www.nysid.edu/faculty-directory/2017/10/18/ellen-fisher,https://www.nysid.edu/faculty-directory/2017/10/11/shannon-m-leddy-allied-asid-idec,https://www.nysid.edu/faculty-directory/2017/10/18/randi-halpern-cid-idec,https://www.nysid.edu/faculty-directory/2017/10/18/lissette-carrera,https://www.nysid.edu/faculty-directory/2017/10/11/adam-kornelli
11,STALE CONTENT,Events Calendar,Content from 2018 - older than 2025,79,https://www.nysid.edu/events-calendar/2018/12/20/sally-henderson-lecture-on-green-design,https://www.nysid.edu/events-calendar/2018/12/20/sally-henderson-lecture-on-green-design?format=ical,https://www.nysid.edu/events-calendar/2018/4/3/wellness-weeks,https://www.nysid.edu/events-calendar/2018/4/3/wellness-weeks?format=ical,https://www.nysid.edu/events-calendar/2018/9/5/international-student-orientation
12,FLAG FOR REVIEW,Blog,Moderate traffic but unclear strategic value value,66,https://www.nysid.edu/blog/nysids-inaugural-jeremiah-brent-design-scholar-on-interning-at-the-firm,https://www.nysid.edu/blog/nysids-primer-on-seeking-professional-credentials-in-interior-design,https://www.nysid.edu/blog/nysid-pre-college-scholarships-open-doors-to-design-talents,https://www.nysid.edu/blog/nysid-students-win-2025-angelo-donghia-foundation-scholarships,https://www.nysid.edu/blog/from-culture-to-creativity-the-meaning-of-nysids-study-abroad-scholarships-to-china
13,FLAG FOR REVIEW,Blog,Low traffic - assess relevance,65,https://www.nysid.edu/blog/what-it-means-to-create-access-to-nysids-semester-abroad-in-florence,https://www.nysid.edu/blog/category/summer+pre-college,https://www.nysid.edu/blog/tag/awards,https://www.nysid.edu/blog/remembering-ruth-lynford,https://www.nysid.edu/blog/theres-much-to-learn-from-david-scotts-kips-bay-show-house-design
14,FLAG FOR REVIEW,Atelier Magazine,Moderate traffic but unclear strategic value value,57,https://www.nysid.edu/atelier-mag/category/portfolio,https://www.nysid.edu/atelier-mag?author=65f0c1b518bc7271f43a336b,https://www.nysid.edu/atelier-mag?author=64dcd55a8572c16652a48840,https://www.nysid.edu/atelier-mag?author=61d880f4b325f005149f6ea2,https://www.nysid.edu/atelier-mag?author=6022c3db12db1911bce04dbd
15,STALE CONTENT,Events Calendar,Content from 2019 - older than 2025,55,https://www.nysid.edu/events-calendar/2019/8/13/our-lifespan-by-design-the-creative-challenge,https://www.nysid.edu/events-calendar/2019/9/12/whats-new-whats-next,https://www.nysid.edu/events-calendar/2019/10/28/the-1st-annual-mark-hampton-lecture,https://www.nysid.edu/events-calendar/2019/2/28/taking-sides-the-dlfny-annual-debate,https://www.nysid.edu/events-calendar/2019/9/12/whats-new-whats-next?format=ical
16,FLAG FOR REVIEW,Events Calendar,Event page - verify if upcoming/recurring or archive content,49,https://www.nysid.edu/events-calendar?tag=spring+2017,https://www.nysid.edu/events-calendar?category=student+events,https://www.nysid.edu/events-calendar?category=exhibitions,https://www.nysid.edu/events-calendar?tag=dialogues+on+design,https://www.nysid.edu/events-calendar?category=dialogues+on+design
17,STALE CONTENT,Profiles,Content from 2018 - older than 2025,48,https://www.nysid.edu/profiles-list/2018/12/11/jennifer-shum,https://www.nysid.edu/profiles-list/2018/10/17/lynda-head,https://www.nysid.edu/profiles-list/2018/11/14/drew-mcgukin,https://www.nysid.edu/profiles-list/2018/1/29/allison-russell-davis,https://www.nysid.edu/profiles-list/2018/4/11/britni-williams
18,STALE CONTENT,Press Releases,Content from 2010 - older than 2025,47,https://www.nysid.edu/press-releases-and-in-the-news/2010/5/3/renowned-designer-shashi-caan-to-speak-at-nysid-2010-commencement-exercises,https://www.nysid.edu/press-releases-and-in-the-news/2010/12/1/nysid-appoints-new-board-chairman-and-board-member,https://www.nysid.edu/press-releases-and-in-the-news/2010/8/4/teaching-tomorrows-designers,https://www.nysid.edu/press-releases-and-in-the-news/2010/10/12/nysid-launches-masters-program-in-interior-lighting-design,https://www.nysid.edu/press-releases-and-in-the-news/2010/3/2/nysid-signs-20-year-lease-for-40000-square-feet-in-midtown-south-to-house-colleges-graduate-center
19,STALE CONTENT,Events Calendar,Content from 2017 - older than 2025,45,https://www.nysid.edu/events-calendar/2017/12/11/dialogues-on-design-with-steven-gambrel?format=ical,https://www.nysid.edu/events-calendar/2017/12/11/dialogues-on-design-with-steven-gambrel,https://www.nysid.edu/events-calendar/2017/11/9/dialogues-on-design-with-suzanne-rheinstein,https://www.nysid.edu/events-calendar/2017/11/9/dialogues-on-design-with-suzanne-rheinstein?format=ical,https://www.nysid.edu/events-calendar/2017/5/22/bfa-thesis-exhibition-opening-reception
20,STALE CONTENT,Press Releases,Content from 2009 - older than 2025,42,https://www.nysid.edu/press-releases-and-in-the-news/2009/7/15/nysid-announces-a-new-first-professional-mfa-in-interior-design,https://www.nysid.edu/press-releases-and-in-the-news/2009/12/2/dexter,https://www.nysid.edu/press-releases-and-in-the-news/2009/10/14/panel-of-design-industry-leaders-share-knowledge-at-nysid,https://www.nysid.edu/press-releases-and-in-the-news/2009/6/4/nysid-announces-new-institute-for-continuing-and-professional-studies,https://www.nysid.edu/press-releases-and-in-the-news/2009/2/4/on-sutton-place
21,LEAVE BEHIND,Press Releases,Low traffic + poor quality + weak strategic value alignment,40,https://www.nysid.edu/press-releases-and-in-the-news/the-best-certificate-programs-and-certifications-in-nyc,https://www.nysid.edu/press-releases-and-in-the-news/faculty-member-harry-heissmann-highlighted-in-1st-dibs,https://www.nysid.edu/press-releases-and-in-the-news/a-nysid-primer-on-professional-credentials-in-interior-design,https://www.nysid.edu/press-releases-and-in-the-news/gail-davis-11-aas-featured-in-apartment-therapy,https://www.nysid.edu/press-releases-and-in-the-news/housebeautifulcom/lifestyle/a60483288/leed-certification-home-building-guide/taid66203f0ff5549b000145041autmcampaigntrueanthemutmmediumsocialutmsourcetwitter
22,LEAVE BEHIND,Atelier Magazine,Low traffic + poor quality + weak strategic value alignment,37,https://www.nysid.edu/atelier-mag/category/students,https://www.nysid.edu/atelier-mag/category/spring+2022,https://www.nysid.edu/atelier-mag/tag/mpsh,https://www.nysid.edu/atelier-mag/tag/summer+2020,https://www.nysid.edu/atelier-mag/tag/students
23,STALE CONTENT,Press Releases,Content from 2014 - older than 2025,34,https://www.nysid.edu/press-releases-and-in-the-news/2014/11/14/new-york-school-of-interior-design-ranked-one-of-the-best-interior-design-schools-in-the-nation-by-design-intelligence,https://www.nysid.edu/press-releases-and-in-the-news/2014/6/27/nysid-thesis-highlights,https://www.nysid.edu/press-releases-and-in-the-news/2014/1/23/new-york-school-of-interior-design-announces-public-programs-for-spring-2014,https://www.nysid.edu/press-releases-and-in-the-news/2014/7/1/yue-magazine-covers-nysid-in-its-education-special,https://www.nysid.edu/press-releases-and-in-the-news/2014/3/4/design-diplomacy-talk
24,ADAPT,Exhibitions,Traffic present but poor engagement - content restructure needed,33,https://www.nysid.edu/exhibitions?category=student+events,https://www.nysid.edu/exhibitions?category=thesis+exhibitions+2019,https://www.nysid.edu/exhibitions?category=thesis+exhibitions+2022,https://www.nysid.edu/exhibitions?category=thesis+exhibitions+2024,https://www.nysid.edu/exhibitions?category=thesis+exhibitions+2023
25,LEAVE BEHIND,Other,Low traffic + poor quality + weak strategic value alignment,32,https://www.nysid.edu/lives-changed-benny-seda-galarza,https://www.nysid.edu/ferpa-annual-notification-of-the-family-educational-rights-and-privacy-act,https://www.nysid.edu/lives-changed-chazzten-pettiford,https://www.nysid.edu/student-grievance-procedures-for-distance-education-students,https://www.nysid.edu/class-of-2021-thesis-and-studio-projects-work/yangyu-gao
26,MIGRATE,Atelier Magazine,Moderate traffic with solid strategic value alignment,30,https://www.nysid.edu/atelier-mag/portfolio-2emerson-kraus-24-bfa,https://www.nysid.edu/atelier-mag/five-internships,https://www.nysid.edu/atelier-mag/visual-thinker-beth-diana-smith,https://www.nysid.edu/atelier-mag/notable-at-nysid-summer-2024-f9e5w,https://www.nysid.edu/atelier-mag/collaborative-by-design
27,FLAG FOR REVIEW,Press Releases,Low traffic - assess relevance,29,https://www.nysid.edu/press-releases-and-in-the-news/category/nysid+in+the+news,https://www.nysid.edu/press-releases-and-in-the-news/new-york-school-of-interior-design-announces-chesie-breen-as-its-new-trustee,https://www.nysid.edu/press-releases-and-in-the-news/adam-sandow-and-kia-weatherspoon-to-speak-at-new-york-school-of-interior-design-2021-virtual-commencement-ceremony,https://www.nysid.edu/press-releases-and-in-the-news/tag/commencement,https://www.nysid.edu/press-releases-and-in-the-news/tag/board+of+trustees
28,STALE CONTENT,Press Releases,Content from 2013 - older than 2025,23,https://www.nysid.edu/press-releases-and-in-the-news/2013/4/24/new-york-school-of-interior-design-announces-cida-accreditation-for-its-bfa-and-mfa-1-programs,https://www.nysid.edu/press-releases-and-in-the-news/2013/7/30/new-york-school-of-interior-design-presents-fall-2013-exhibition-mid-century-maestro-the-tecxtiles-of-boris-kroll,https://www.nysid.edu/press-releases-and-in-the-news/2013/8/26/new-york-school-of-interior-design-announces-public-programs-for-fall-2013,https://www.nysid.edu/press-releases-and-in-the-news/2013/10/1/nysid-celebrates-design-scholarships-at-a-cocktail-reception-at-park-avenue-armory,https://www.nysid.edu/press-releases-and-in-the-news/2013/11/11/new-york-school-of-interior-designs-undergraduate-and-graduate-programs-receive-top-rankings-from-design-intelligence
29,STALE CONTENT,Press Releases,Content from 2011 - older than 2025,21,https://www.nysid.edu/press-releases-and-in-the-news/2011/3/16/nysid-and-sothebys-institute-of-art-launch-collaborative-masters-degree-program,https://www.nysid.edu/press-releases-and-in-the-news/2011/6/22/nysid-trustee-thomas-n-armstrong-iii-dies-at-78,https://www.nysid.edu/press-releases-and-in-the-news/2011/9/7/top-50-names-you-need-to-know-in-metro-new-york-design,https://www.nysid.edu/press-releases-and-in-the-news/2011/3/11/nysid-create-innovative-environment-for-diffas-dining-by-design-event,https://www.nysid.edu/press-releases-and-in-the-news/2011/9/5/nysid-opens-40000-square-foot-graduate-center-in-gramercyflatiron-district
30,STALE CONTENT,Press Releases,Content from 2018 - older than 2025,21,https://www.nysid.edu/press-releases-and-in-the-news/2018/3/2/suzanne-rheinstein-jorge-sanchez-and-edwina-von-gal-to-be-honored-by-new-york-school-of-interior-design,https://www.nysid.edu/press-releases-and-in-the-news/2018/8/16/ykj1jma66u9fbixje12f44r9blti0i,https://www.nysid.edu/press-releases-and-in-the-news/2018/4/12/nysid-2018-commencement-ceremony,https://www.nysid.edu/press-releases-and-in-the-news/2018/2/8/new-york-school-of-interior-design-hosts-reception-in-palm-beach,https://www.nysid.edu/press-releases-and-in-the-news/2018/7/10/nantucket-by-design
31,STALE CONTENT,Blog,Content from 2019 - older than 2025,21,https://www.nysid.edu/blog/2019/12/13/six-ways-to-stay-marketable-in-interior-design,https://www.nysid.edu/blog/2019/12/13/guest-blogger-alumnae-allison-caccoma-00-aas,https://www.nysid.edu/blog/2019/2/12/jeffrey-bilhuber-christopher-spitzmiller-and-alberto-villalobos-honored-by-the-new-york-school-of-interior-design,https://www.nysid.edu/blog/2019/4/19/diffas-dining-by-design-new-york,https://www.nysid.edu/blog/2019/12/11/nysid-alumni-marketplace
32,STALE CONTENT,Press Releases,Content from 2012 - older than 2025,19,https://www.nysid.edu/press-releases-and-in-the-news/2012/9/6/new-york-school-of-interior-design-announces-public-programs-for-fall-2012,https://www.nysid.edu/press-releases-and-in-the-news/2012/9/5/three-rising-stars-in-design-and-architecture,https://www.nysid.edu/press-releases-and-in-the-news/2012/1/26/michelle-bergeron-skatemoderne-in-luxe,https://www.nysid.edu/press-releases-and-in-the-news/2012/6/13/nysid-appoints-five-new-members-to-its-board-of-trustees,https://www.nysid.edu/press-releases-and-in-the-news/2012/7/25/nysid-names-david-sprouls-as-its-new-president
33,LEAVE BEHIND,Exhibitions,Event page with minimal traffic - likely past event,19,https://www.nysid.edu/exhibitions/nysid-india-study-abroad-exhibit?format=ical,https://www.nysid.edu/exhibitions/nysid-india-study-abroad-exhibit,https://www.nysid.edu/exhibitions/another-life-conversations-on-imagined-space?format=ical,https://www.nysid.edu/exhibitions/another-life-conversations-on-imagined-space,https://www.nysid.edu/exhibitions/bfa-thesis-fall-2017?format=ical
34,STALE CONTENT,Press Releases,Content from 2016 - older than 2025,18,https://www.nysid.edu/press-releases-and-in-the-news/2016/9/30/nysid-ranked-the-top-interior-design-school-in-the-nation-by-design-intelligence,https://www.nysid.edu/press-releases-and-in-the-news/2016/6/23/new-york-school-of-interior-design-granted-middle-states-accreditation,https://www.nysid.edu/press-releases-and-in-the-news/2016/3/10/nysid-honored-ellie-cullman-jim-druckman-michael-phillips-and-deborah-nevins-at-their-centennial-gala,https://www.nysid.edu/press-releases-and-in-the-news/2016/3/1/the-new-york-school-of-interior-design-celebrates-a-century-of-influential-design,https://www.nysid.edu/press-releases-and-in-the-news/2016/9/1/grooming-the-next-generation-of-design-talent
35,STALE CONTENT,Press Releases,Content from 2019 - older than 2025,17,https://www.nysid.edu/press-releases-and-in-the-news/2019/2/21/iesnyc-announces-nysid-student-brigid-hardiman-winner-of-25000-iesnyc-scholarship,https://www.nysid.edu/press-releases-and-in-the-news/2019/10/30/executive-vice-president-and-ceo-of-iida-cheryl-s-durst-appointed-to-the-new-york-school-of-interior-design-board-of-trustees,https://www.nysid.edu/press-releases-and-in-the-news/2019/5/24/new-york-school-of-interior-design-celebrates-its-2019-commencement-ceremony,https://www.nysid.edu/press-releases-and-in-the-news/2019/3/6/the-new-york-school-of-interior-design-honors-jeffrey-bilhuber-christopher-spitzmiller-and-alberto-villalobos-at-annual-gala,https://www.nysid.edu/press-releases-and-in-the-news/2019/11/4/the-new-york-school-of-interior-design-announces-honorees-for-nysid-annual-gala-2020
36,STALE CONTENT,Press Releases,Content from 2015 - older than 2025,16,https://www.nysid.edu/press-releases-and-in-the-news/2015/10/1/urbane-legend,https://www.nysid.edu/press-releases-and-in-the-news/2015/2/1/bunny-williams-john-rosselli-edmund-hollander-and-new-york-restoration-project-to-be-honored-at-the-new-york-school-of-interior-design-annual-benefit-dinner,https://www.nysid.edu/press-releases-and-in-the-news/2015/4/1/relive-nycs-bygone-days-through-its-interior-landmarks,https://www.nysid.edu/press-releases-and-in-the-news/2015/3/6/feast-your-eyes-on-10-new-york-citys-most-spectacular-landmarked-interiors,https://www.nysid.edu/press-releases-and-in-the-news/2015/3/9/12-buildings-to-see-in-new-york-before-you-die
37,FLAG FOR REVIEW,Financial Aid,Financial aid page - assess current relevance and accuracy,14,https://www.nysid.edu/financial-aid,https://www.nysid.edu/financial-aid/undergraduate-scholarships,https://www.nysid.edu/financial-aid/graduate-scholarships,https://www.nysid.edu/financial-aid/financial-aid-programs,https://www.nysid.edu/financial-aid/net-price-calculator
38,ADAPT,Blog,Traffic present but poor engagement - content restructure needed,14,https://www.nysid.edu/blog,https://www.nysid.edu/blog?author=64dcd60578f02a78ef8650ae,https://www.nysid.edu/blog?author=68e6bc02ee10ae43c4527536,https://www.nysid.edu/blog?author=61d880f4b325f005149f6ea2,https://www.nysid.edu/blog?author=65f0c139e7bdb01abd906341
39,STALE CONTENT,Press Releases,Content from 2017 - older than 2025,14,https://www.nysid.edu/press-releases-and-in-the-news/2017/8/21/new-york-school-of-interior-design-announces-public-programs-for-fall-2017,https://www.nysid.edu/press-releases-and-in-the-news/2017/11/22/the-new-york-school-of-interior-design-is-pleased-to-announce-the-appointment-of-two-new-members-to-its-board-of-trustees-susan-zises-green-and-david-kleinberg,https://www.nysid.edu/press-releases-and-in-the-news/2017/12/19/new-york-school-of-interior-design-honors-legendary-interior-designer-albert-hadley-at-its-benefit-cocktail-reception-at-the-park-avenue-armory,https://www.nysid.edu/press-releases-and-in-the-news/2017/8/13/nysid-announces-public-programs-for-spring-2017,https://www.nysid.edu/press-releases-and-in-the-news/2017/2/10/new-york-school-of-interior-design-presents-spring-2017-gallery-exhibition-redefining-traditional-style-for-todays-home
40,STALE CONTENT,Blog,Content from 2018 - older than 2025,12,https://www.nysid.edu/blog/2018/10/16/remembering-mario-buatta,https://www.nysid.edu/blog/2018/8/20/noras-notables-harry-hinsons-books-james-steinmeyer-renderings-in-the-library,https://www.nysid.edu/blog/2018/12/11/nysids-vice-president-and-dean-travels-to-beijing-to-shed-light-on-art-education,https://www.nysid.edu/blog/2018/10/17/in-the-gallery-with-darling-green-by-chris-spinelli,https://www.nysid.edu/blog/2018/12/11/nysid-alumnae-returns-to-alma-mater-to-talk-breaking-barriers-within-the-inclusive-design-industry
41,STALE CONTENT,Exhibitions,Content from 2018 - older than 2025,12,https://www.nysid.edu/exhibitions/2018/3/22/pieter-estersohn-a-practiced-eye?format=ical,https://www.nysid.edu/exhibitions/2018/3/22/pieter-estersohn-a-practiced-eye,https://www.nysid.edu/exhibitions/2018/5/21/bfa-spring-thesis-exhibition?format=ical,https://www.nysid.edu/exhibitions/2018/5/21/bfa-spring-thesis-exhibition,https://www.nysid.edu/exhibitions/2018/5/22/mfa-thesis-mps-studio-projects-exhibition
42,STALE CONTENT,Events Calendar,Content from 2020 - older than 2025,12,https://www.nysid.edu/events-calendar/2020/2/6/dialogues-on-design-with-juan-montoya-c9ahg?format=ical,https://www.nysid.edu/events-calendar/2020/2/6/dialogues-on-design-with-juan-montoya-c9ahg,https://www.nysid.edu/events-calendar/2020/5/12/building-exceptional-service-at-scale?format=ical,https://www.nysid.edu/events-calendar/2020/5/12/building-exceptional-service-at-scale,https://www.nysid.edu/events-calendar/2020/2/6/dialogues-on-design-with-juan-montoya-c9ahg-22974?format=ical
43,STALE CONTENT,Exhibitions,Content from 2017 - older than 2025,12,https://www.nysid.edu/exhibitions/2017/1/23/abstract-art-in-dialogue?format=ical,https://www.nysid.edu/exhibitions/2017/1/23/abstract-art-in-dialogue,https://www.nysid.edu/exhibitions/2017/3/2/redefining-traditional-style-for-todays-home,https://www.nysid.edu/exhibitions/2017/3/2/redefining-traditional-style-for-todays-home?format=ical,https://www.nysid.edu/exhibitions/2017/10/6/creative-scholarship-nysid-faculty-exhibition
44,STALE CONTENT,Faculty Directory,Content from 2018 - older than 2025,12,https://www.nysid.edu/faculty-directory/2018/5/30/katie-tomko,https://www.nysid.edu/faculty-directory/2018/5/30/pamela-giolito,https://www.nysid.edu/faculty-directory/2018/5/30/alejandra-munizaga,https://www.nysid.edu/faculty-directory/2018/5/30/ann-bell,https://www.nysid.edu/faculty-directory/2018/5/30/ian-gordon
45,ADAPT,Academic Calendar,Traffic present but poor engagement - content restructure needed,12,https://www.nysid.edu/academic-calendar-list,https://www.nysid.edu/academic-calendar-list?category=spring+2026,https://www.nysid.edu/academic-calendar-list?category=fall+2025,https://www.nysid.edu/academic-calendar-list?category=summer+2026,https://www.nysid.edu/academic-calendar-list?category=fall+2026
46,FLAG FOR REVIEW,Exhibitions,Event page - verify if upcoming/recurring or archive content,12,https://www.nysid.edu/exhibitions/sketching-the-surface-exploring-the-new-york-school-of-interior-design-archives-and-contemporary-pattern-design?format=ical,https://www.nysid.edu/exhibitions/sketching-the-surface-exploring-the-new-york-school-of-interior-design-archives-and-contemporary-pattern-design,https://www.nysid.edu/exhibitions/the-persistence-of-hand-drawing-interior-rendering-today,https://www.nysid.edu/exhibitions/the-persistence-of-hand-drawing-interior-rendering-today?format=ical,https://www.nysid.edu/exhibitions/pattern-and-process-selections-from-the-kravet-archive
47,STALE CONTENT,Events Calendar,Content from 2020 still getting traffic - may have SEO value,11,https://www.nysid.edu/events-calendar?view=calendar&month=12-2020,https://www.nysid.edu/events-calendar?view=calendar&month=02-2020,https://www.nysid.edu/events-calendar?view=calendar&month=03-2020,https://www.nysid.edu/events-calendar?view=calendar&month=04-2020,https://www.nysid.edu/events-calendar?view=calendar&month=06-2020
48,LEAVE BEHIND,Profiles,Low traffic + poor quality + weak strategic value alignment,10,https://www.nysid.edu/profiles-list/faith-hoops,https://www.nysid.edu/profiles-list/breeze-glazer,https://www.nysid.edu/profiles-list/category/faculty+profile,https://www.nysid.edu/profiles-list/tag/graduate%3a+mps,https://www.nysid.edu/profiles-list/tag/undergraduate%3a+bfa
49,STALE CONTENT,Blog,Content from 2020 - older than 2025,10,https://www.nysid.edu/blog/2020/5/7/5-reasons-for-designers-to-specialize-in-healthcare-interior-design,https://www.nysid.edu/blog/2020/4/13/remembering-alexander-c-sandy-cortesi,https://www.nysid.edu/blog/2020/4/14/remembering-judith-gura,https://www.nysid.edu/blog/2020/2/21/in-her-own-words-anne-korman,https://www.nysid.edu/blog/2020/2/21/in-her-own-words-anne-korman?rq=korman%20
50,STALE CONTENT,Events Calendar,Content from 2018 still getting traffic - may have SEO value,10,https://www.nysid.edu/events-calendar?view=calendar&month=12-2018,https://www.nysid.edu/events-calendar?view=calendar&month=09-2018,https://www.nysid.edu/events-calendar?view=calendar&month=11-2018,https://www.nysid.edu/events-calendar?view=calendar&month=06-2018,https://www.nysid.edu/events-calendar?view=calendar&month=10-2018
51,STALE CONTENT,Exhibitions,Content from 2016 - older than 2025,10,https://www.nysid.edu/exhibitions/2016/5/17/bfa-thesis-projects-exhibition,https://www.nysid.edu/exhibitions/2016/5/17/bfa-thesis-projects-exhibition?format=ical,https://www.nysid.edu/exhibitions/2016/3/4/interior-design-today-alumni-exhibition,https://www.nysid.edu/exhibitions/2016/3/4/interior-design-today-alumni-exhibition?format=ical,https://www.nysid.edu/exhibitions/2016/9/29/designing-tomorrows-home?format=ical
52,STALE CONTENT,Events Calendar,Content from 2019 still getting traffic - may have SEO value,9,https://www.nysid.edu/events-calendar?view=calendar&month=04-2019,https://www.nysid.edu/events-calendar?view=calendar&month=03-2019,https://www.nysid.edu/events-calendar?view=calendar&month=01-2019,https://www.nysid.edu/events-calendar?view=calendar&month=02-2019,https://www.nysid.edu/events-calendar?view=calendar&month=05-2019
53,STALE CONTENT,Documents & Downloads,Content from 2024 - older than 2025,8,https://www.nysid.edu/s/2024-2025_apts_application.pdf,https://www.nysid.edu/s/2024-2025-v1-dependent-standard-verification-worksheet.pdf,https://www.nysid.edu/s/2024-2025-low-income-worksheet.pdf,https://www.nysid.edu/s/2024-2025-v5-independent-aggregate-verification-worksheet.pdf,https://www.nysid.edu/s/2024-2025-v5-dependent-aggregate-verification-worksheet.pdf
54,MIGRATE,Blog,Moderate traffic with solid strategic value alignment,7,https://www.nysid.edu/blog/no-interior-design-portfolio-no-problem-nysids-stackable-degrees-remove-barriers,https://www.nysid.edu/blog/magic-furniture-pianos-dakota-jackson-donates-his-archives-to-nysid,https://www.nysid.edu/blog/stellene-volandes-and-david-kleinberg-to-receive-nysid-2025-honorary-doctor-of-fine-arts-honorees-will-present-keynote-speeches-at-commencement,https://www.nysid.edu/blog/craftsmanship-and-creativity-nysid-students-shine-at-nantucket-by-design-2024,https://www.nysid.edu/blog/nysid-students-design-tabletop-for-the-lenox-hill-neighborhood-house-gala
55,LEAVE BEHIND,Faculty Directory,Faculty directory filter/query page - not needed,7,https://www.nysid.edu/faculty-directory?author=64dcd60578f02a78ef8650ae,https://www.nysid.edu/faculty-directory?author=65f0c1b518bc7271f43a336b,https://www.nysid.edu/faculty-directory?author=61d880f4b325f005149f6ea2,https://www.nysid.edu/faculty-directory?author=6463b1707f8f1d1ef4147b21,https://www.nysid.edu/faculty-directory?author=60398f904e6a0d1861372ca1
56,FLAG FOR REVIEW,Events Calendar,2025 event - verify if upcoming/recurring or archive,7,https://www.nysid.edu/events-calendar?view=calendar&month=05-2025,https://www.nysid.edu/events-calendar?view=calendar&month=12-2025,https://www.nysid.edu/events-calendar?view=calendar&month=10-2025,https://www.nysid.edu/events-calendar?view=calendar&month=11-2025,https://www.nysid.edu/events-calendar?view=calendar&month=09-2025
57,STALE CONTENT,Exhibitions,Content from 2019 - older than 2025,6,https://www.nysid.edu/exhibitions/2019/5/21/mfa-thesis-amp-mps-studio-projects-exhibition?format=ical,https://www.nysid.edu/exhibitions/2019/5/21/mfa-thesis-amp-mps-studio-projects-exhibition,https://www.nysid.edu/exhibitions/2019/5/20/bfa-thesis-exhibition?format=ical,https://www.nysid.edu/exhibitions/2019/5/20/bfa-thesis-exhibition,https://www.nysid.edu/exhibitions/2019/2/11/rooms-01?format=ical
58,LEAVE BEHIND,News Events,Event page with minimal traffic - likely past event,6,https://www.nysid.edu/news-events/exhibitions/landmark-interiors,https://www.nysid.edu/news-events/exhibitions/mcmillen,https://www.nysid.edu/news-events/events/public-programs/contemporary-art-in-healthcare-environments,https://www.nysid.edu/news-events/events/public-programs/michael-graves,https://www.nysid.edu/news-events/events/public-programs/charles-jencks
59,STALE CONTENT,Events Calendar,Content from 2017 still getting traffic - may have SEO value,6,https://www.nysid.edu/events-calendar?view=calendar&month=06-2017,https://www.nysid.edu/events-calendar?view=calendar&month=09-2017,https://www.nysid.edu/events-calendar?view=calendar&month=11-2017,https://www.nysid.edu/events-calendar?view=calendar&month=12-2017,https://www.nysid.edu/events-calendar?view=calendar&month=10-2017
60,STALE CONTENT,Exhibitions,Content from 2015 - older than 2025,6,https://www.nysid.edu/exhibitions/2015/9/17/angelo-donghia-design-superstar,https://www.nysid.edu/exhibitions/2015/9/17/angelo-donghia-design-superstar?format=ical,https://www.nysid.edu/exhibitions/2015/5/20/mfa-thesis-mps-studio-projects-exhibition,https://www.nysid.edu/exhibitions/2015/5/20/mfa-thesis-mps-studio-projects-exhibition?format=ical,https://www.nysid.edu/exhibitions/2015/1/29/bfa-thesis-projects-exhibition
61,FLAG FOR REVIEW,Profiles,Moderate traffic but unclear strategic value value,5,https://www.nysid.edu/profiles-list/freya-van-saun,https://www.nysid.edu/profiles-list?author=65f0c1b518bc7271f43a336b,https://www.nysid.edu/profiles-list?author=60398f904e6a0d1861372ca1,https://www.nysid.edu/profiles-list/category/alumni+profile,https://www.nysid.edu/profiles-list/tag/scholarship
62,STALE CONTENT,Press Releases,Content from 2008 - older than 2025,5,https://www.nysid.edu/press-releases-and-in-the-news/2008/11/3/on-the-edge,https://www.nysid.edu/press-releases-and-in-the-news/2008/11/5/the-secrets-of-comfort,https://www.nysid.edu/press-releases-and-in-the-news/2008/11/12/new-context,https://www.nysid.edu/press-releases-and-in-the-news/2008/10/15/designer-secrets,https://www.nysid.edu/press-releases-and-in-the-news/2008/11/5/oceans-3-showhouse-2008
63,STALE CONTENT,Press Releases,Content from 2020 - older than 2025,5,https://www.nysid.edu/press-releases-and-in-the-news/2020/1/8/the-new-york-school-of-interior-design-announces-appointment-of-new-board-member,https://www.nysid.edu/press-releases-and-in-the-news/2020/1/27/nysid-announces-lineup-for-spring-2020-public-programs,https://www.nysid.edu/press-releases-and-in-the-news/2020/3/4/the-new-york-school-of-interior-design-annual-gala,https://www.nysid.edu/press-releases-and-in-the-news/2020/1/9/the-new-york-school-of-interior-design-announces-endowed-scholarships-named-for-larry-and-utta-kravet-to-support-student-success-in-college,https://www.nysid.edu/press-releases-and-in-the-news/2020/5/15/distance-learning-added-to-the-new-york-school-of-interior-designs-masters-of-lighting-design-program
64,LEAVE BEHIND,Events Calendar,2025 event with minimal traffic - likely past,4,https://www.nysid.edu/events-calendar/2025-michael-i-and-patricia-m-sovern-lecture-on-design-edwin-schlossberg,https://www.nysid.edu/events-calendar/2025-sally-henderson-lecture-on-green-design-yatin-pandya,https://www.nysid.edu/events-calendar/2025-michael-i-and-patricia-m-sovern-lecture-on-design-edwin-schlossberg?format=ical,https://www.nysid.edu/events-calendar/2025-sally-henderson-lecture-on-green-design-yatin-pandya?format=ical,
65,LEAVE BEHIND,File,Low traffic + poor quality + weak strategic value alignment,4,https://www.nysid.edu/file/documents---news--events/t-magazine.pdf,https://www.nysid.edu/file/documents---news--events/urbane-legend_architectural-digest.pdf,https://www.nysid.edu/file/documents---news--events/ny-magazine-design-hunting-with-cover.pdf,https://www.nysid.edu/file/documents-news-events/officeinsight_bid-online_9-22-14.pdf,
66,STALE CONTENT,Events Calendar,Content from 2021 still getting traffic - may have SEO value,4,https://www.nysid.edu/events-calendar?view=calendar&month=01-2021,https://www.nysid.edu/events-calendar?view=calendar&month=04-2021,https://www.nysid.edu/events-calendar?view=calendar&month=10-2021,https://www.nysid.edu/events-calendar?view=calendar&month=05-2021,
67,FLAG FOR REVIEW,Other,Needs manual assessment,4,https://www.nysid.edu/postprofessional-master-of-fine-arts-in-interior-design,https://www.nysid.edu/master-of-professional-studies-in-lighting-design,https://www.nysid.edu/master-of-professional-studies-in-healthcare-interior-design,https://www.nysid.edu/master-of-professional-studies-in-sustainable-interior-environments,
68,STALE CONTENT,Exhibitions,Content from 2023 - older than 2025,4,https://www.nysid.edu/exhibitions/2023-exhibitions-bfa-thesis-projects-mfa-thesis-projectsmps-studio-projects,https://www.nysid.edu/exhibitions/2023-exhibitions-bfa-thesis-projects-mfa-thesis-projectsmps-studio-projects?format=ical,https://www.nysid.edu/exhibitions/2023-exhibitions-bfa-thesis-projects-mfa-thesis-projectsmps-studio-projects-ntfaf?format=ical,https://www.nysid.edu/exhibitions/2023-exhibitions-bfa-thesis-projects-mfa-thesis-projectsmps-studio-projects-ntfaf,
69,STALE CONTENT,Blog,Content from 2012 - older than 2025,3,https://www.nysid.edu/blog/2012/10/22/qa-david-sprouls,https://www.nysid.edu/blog/2012/10/5/grad-center-opens-for-ohny,https://www.nysid.edu/blog/2012/11/13/alumni-gather-at-newel,,
70,FLAG FOR REVIEW,Mpsm Advisory Board,Low traffic - assess relevance,3,https://www.nysid.edu/mpsm-advisory-board/andre-voss,https://www.nysid.edu/mpsm-advisory-board/heechan-shin,https://www.nysid.edu/mpsm-advisory-board/giuseppe-semprini,,
71,STALE CONTENT,Events Calendar,Content from 2024 still getting traffic - may have SEO value,3,https://www.nysid.edu/events-calendar?view=calendar&month=05-2024,https://www.nysid.edu/events-calendar?view=calendar&month=06-2024,https://www.nysid.edu/events-calendar?view=calendar&month=09-2024,,
72,LEAVE BEHIND,Annual Gala 2021,Low traffic + poor quality + weak strategic value alignment,3,https://www.nysid.edu/annual-gala-2021/alex-papachristidis,https://www.nysid.edu/annual-gala-2021/nina-farmer,https://www.nysid.edu/annual-gala-2021/corey-damen-jenkins,,
73,FLAG FOR REVIEW,Job Openings,Moderate traffic but unclear strategic value value,3,https://www.nysid.edu/job-openings/director-of-admissions,https://www.nysid.edu/job-openings/bursar-assistant,https://www.nysid.edu/job-openings/front-desk-attendant/maintenance-part-time-position,,
74,ADAPT,Blog,Low traffic but serves important strategic value (Credibility & Accreditation) - improve content quality,3,https://www.nysid.edu/blog/tag/stop+aapi+hate,https://www.nysid.edu/blog/stop-aapi-hate,https://www.nysid.edu/blog/nysid-continues-to-pursue-inclusive-education-as-a-top-priority,,
75,FLAG FOR REVIEW,Other,Moderate traffic but unclear strategic value value,3,https://www.nysid.edu/nysid-fund-for-tuition-assistance,https://www.nysid.edu/notice-of-data-privacy-incident,https://www.nysid.edu/ataglance-202326-strategic-plan,,
76,FLAG FOR REVIEW,Exhibitions,2025 event - verify if upcoming/recurring or archive,2,https://www.nysid.edu/exhibitions/2025-bfa/mfa-thesis-projects-mps-studio-projects,https://www.nysid.edu/exhibitions/2025-bfa/mfa-thesis-projects-mps-studio-projects?format=ical,,,
77,FLAG FOR REVIEW,Academic Calendar,Event page - verify if upcoming/recurring or archive content,2,https://www.nysid.edu/academic-calendar-list/new-student-orientation-1?format=ical,https://www.nysid.edu/academic-calendar-list/spring-registration-begins-2?format=ical,,,
78,MIGRATE,Atelier Magazine,Homepage - will be redesigned but content audit valuable,2,https://www.nysid.edu/atelier-mag/designing-independence,https://www.nysid.edu/atelier-mag/horizons-2020,,,
79,MIGRATE,Career And Internship Services,Moderate traffic with solid strategic value alignment,2,https://www.nysid.edu/career-and-internship-services/post-a-job,https://www.nysid.edu/career-and-internship-services/post-a-job/faqs,,,
80,STALE CONTENT,Profiles,Content from 2017 - older than 2025,2,https://www.nysid.edu/profiles-list/2017/10/23/william-engel,https://www.nysid.edu/profiles-list/2017/8/20/pyper-braly,,,
81,STALE CONTENT,Exhibitions,Content from 2024 - older than 2025,2,https://www.nysid.edu/exhibitions/2024-exhibition-openings-bfa/mfa-thesis-projects-mps-studio-projects,https://www.nysid.edu/exhibitions/2024-exhibition-openings-bfa/mfa-thesis-projects-mps-studio-projects?format=ical,,,
82,LEAVE BEHIND,Annual Gala 2022,Low traffic + poor quality + weak strategic value alignment,2,https://www.nysid.edu/annual-gala-2022/young-huh,https://www.nysid.edu/annual-gala-2022/laura-hodges,,,
83,ADAPT,What Is Interior Design,Traffic present but poor engagement - content restructure needed,2,https://www.nysid.edu/what-is-interior-design/residential-design,https://www.nysid.edu/what-is-interior-design/commercial-design,,,
84,FLAG FOR REVIEW,Mpsm Advisory Board,Moderate traffic but unclear strategic value value,2,https://www.nysid.edu/mpsm-advisory-board/jan-leenknegt,https://www.nysid.edu/mpsm-advisory-board/angela-chi,,,
85,FLAG FOR REVIEW,Events Calendar,2026 event - verify if upcoming/recurring or archive,2,https://www.nysid.edu/events-calendar?view=calendar&month=01-2026,https://www.nysid.edu/events-calendar?view=calendar&month=02-2026,,,
86,ADAPT,Online Learning,High-value page but has quality issues to address,2,https://www.nysid.edu/online-learning,https://www.nysid.edu/online-learning/online-learning-faqs,,,
87,FLAG FOR REVIEW,Academic Calendar,Moderate traffic but unclear strategic value value,2,https://www.nysid.edu/academic-calendar-list/new-student-orientation-1,https://www.nysid.edu/academic-calendar-list/spring-registration-begins-2,,,
88,ADAPT,Other,High-value page but has quality issues to address,2,https://www.nysid.edu/bachelor-of-fine-arts-in-interior-design,https://www.nysid.edu/master-of-fine-arts-in-interior-design,,,
89,STALE CONTENT,Exhibitions,Content from 2020 - older than 2025,2,https://www.nysid.edu/exhibitions/2020/2/20/making-connections-harvey-probber-furniture-1945-1985?format=ical,https://www.nysid.edu/exhibitions/2020/2/20/making-connections-harvey-probber-furniture-1945-1985,,,
90,MIGRATE,Academic Programs,Critical program page with good traffic,2,https://www.nysid.edu/academics/what-is-interior-design,https://www.nysid.edu/academics/study-abroad,,,
91,STALE CONTENT,Exhibitions,Content from 2022 - older than 2025,2,https://www.nysid.edu/exhibitions/2022-shows,https://www.nysid.edu/exhibitions/2022-shows?format=ical,,,
92,MIGRATE,Press Releases,Homepage - will be redesigned but content audit valuable,2,https://www.nysid.edu/press-releases-and-in-the-news/laura-hodges-featured-in-architectural-digests-2023-iconic-home,https://www.nysid.edu/press-releases-and-in-the-news/kate-kelley-03-aas-featured-in-new-england-home-magazine,,,
93,MIGRATE,Press Releases,Moderate traffic with solid strategic value alignment,2,https://www.nysid.edu/press-releases-and-in-the-news/the-persistence-of-hand-drawing-interior-rendering-today-exhibition,https://www.nysid.edu/press-releases-and-in-the-news/kate-kelly-smith-newell-turner-to-receive-2023-honorary-doctor-of-fine-arts-honorees,,,
94,MIGRATE,Admissions,Critical admissions funnel page,2,https://www.nysid.edu/apply,https://www.nysid.edu/tuition-fees,,,
95,LEAVE BEHIND,Mpsm Advisory Board,Low traffic + poor quality + weak strategic value alignment,2,https://www.nysid.edu/mpsm-advisory-board/category/mpsm,https://www.nysid.edu/mpsm-advisory-board?author=61d880f4b325f005149f6ea2,,,
96,FLAG FOR REVIEW,Staff,Moderate traffic but unclear strategic value value,1,https://www.nysid.edu/staff,,,,
97,FLAG FOR REVIEW,Lives Changed,Moderate traffic but unclear strategic value value,1,https://www.nysid.edu/lives-changed,,,,
98,FLAG FOR REVIEW,Make A Gift,Moderate traffic but unclear strategic value value,1,https://www.nysid.edu/make-a-gift,,,,
99,FLAG FOR REVIEW,Nysid Policies,Moderate traffic but unclear strategic value value,1,https://www.nysid.edu/nysid-policies,,,,
100,FLAG FOR REVIEW,Request Info,Moderate traffic but unclear strategic value value,1,https://www.nysid.edu/request-info,,,,
101,FLAG FOR REVIEW,Plan A Gift,Moderate traffic but unclear strategic value value,1,https://www.nysid.edu/plan-a-gift,,,,
102,FLAG FOR REVIEW,Press Center,Moderate traffic but unclear strategic value value,1,https://www.nysid.edu/press-center,,,,
103,FLAG FOR REVIEW,Online Learning Past,Moderate traffic but unclear strategic value value,1,https://www.nysid.edu/online-learning-past,,,,
104,FLAG FOR REVIEW,Past Events Summary,Moderate traffic but unclear strategic value value,1,https://www.nysid.edu/past-events-summary,,,,
105,FLAG FOR REVIEW,Gainful Employment Disclosure,Moderate traffic but unclear strategic value value,1,https://www.nysid.edu/gainful-employment-disclosure,,,,
106,FLAG FOR REVIEW,Facilities,Moderate traffic but unclear strategic value value,1,https://www.nysid.edu/facilities,,,,
107,FLAG FOR REVIEW,Endowments,Moderate traffic but unclear strategic value value,1,https://www.nysid.edu/endowments,,,,
108,FLAG FOR REVIEW,Disability Services,Moderate traffic but unclear strategic value value,1,https://www.nysid.edu/disability-services,,,,
109,FLAG FOR REVIEW,Counseling Center,Moderate traffic but unclear strategic value value,1,https://www.nysid.edu/counseling-center,,,,
110,FLAG FOR REVIEW,Gala2025,Moderate traffic but unclear strategic value value,1,https://www.nysid.edu/gala2025,,,,
111,FLAG FOR REVIEW,Gala2024,Moderate traffic but unclear strategic value value,1,https://www.nysid.edu/gala2024,,,,
112,FLAG FOR REVIEW,Gala2023,Moderate traffic but unclear strategic value value,1,https://www.nysid.edu/gala2023,,,,
113,FLAG FOR REVIEW,Commencement2025,Moderate traffic but unclear strategic value value,1,https://www.nysid.edu/commencement2025,,,,
114,FLAG FOR REVIEW,Consumer Information,Moderate traffic but unclear strategic value value,1,https://www.nysid.edu/consumer-information,,,,
115,FLAG FOR REVIEW,Commencement2024,Moderate traffic but unclear strategic value value,1,https://www.nysid.edu/commencement2024,,,,
116,FLAG FOR REVIEW,Giving Scholarships,Moderate traffic but unclear strategic value value,1,https://www.nysid.edu/giving-scholarships,,,,
117,FLAG FOR REVIEW,Heerf Funding,Moderate traffic but unclear strategic value value,1,https://www.nysid.edu/heerf-funding,,,,
118,FLAG FOR REVIEW,History,Moderate traffic but unclear strategic value value,1,https://www.nysid.edu/history,,,,
119,FLAG FOR REVIEW,Home,Moderate traffic but unclear strategic value value,1,https://www.nysid.edu/home,,,,
120,FLAG FOR REVIEW,Honor Roll Of Donors,Moderate traffic but unclear strategic value value,1,https://www.nysid.edu/honor-roll-of-donors,,,,
121,FLAG FOR REVIEW,Teachinggreen,Low traffic - assess relevance,1,https://www.nysid.edu/teachinggreen,,,,
122,FLAG FOR REVIEW,Corporate Partnerships,Low traffic - assess relevance,1,https://www.nysid.edu/corporate-partnerships,,,,
123,ADAPT,Upcoming Events Summary,Traffic present but poor engagement - content restructure needed,1,https://www.nysid.edu/upcoming-events-summary,,,,
124,FLAG FOR REVIEW,Annual Gala 2021,Low traffic - assess relevance,1,https://www.nysid.edu/annual-gala-2021,,,,
125,FLAG FOR REVIEW,Faculty,Active personnel page - migrate if faculty/staff still employed,1,https://www.nysid.edu/faculty/faculty-work,,,,
126,FLAG FOR REVIEW,Atelier,Moderate traffic but unclear strategic value value,1,https://www.nysid.edu/atelier,,,,
127,FLAG FOR REVIEW,Annual Gala,Moderate traffic but unclear strategic value value,1,https://www.nysid.edu/annual-gala,,,,
128,FLAG FOR REVIEW,Annual Gala 2020,Moderate traffic but unclear strategic value value,1,https://www.nysid.edu/annual-gala-2020,,,,
129,ADAPT,Work At Nysid,Traffic present but poor engagement - content restructure needed,1,https://www.nysid.edu/work-at-nysid,,,,
130,ADAPT,Dialogues On Design,Traffic present but poor engagement - content restructure needed,1,https://www.nysid.edu/dialogues-on-design,,,,
131,ADAPT,Donate,Traffic present but poor engagement - content restructure needed,1,https://www.nysid.edu/donate,,,,
132,ADAPT,Gala2026,Traffic present but poor engagement - content restructure needed,1,https://www.nysid.edu/gala2026,,,,
133,ADAPT,Homepage,Traffic present but poor engagement - content restructure needed,1,https://www.nysid.edu/,,,,
134,ADAPT,Shop Nysid Gear,Traffic present but poor engagement - content restructure needed,1,https://www.nysid.edu/shop-nysid-gear,,,,
135,ADAPT,Admissions Faqs,High-value page but has quality issues to address,1,https://www.nysid.edu/admissions-faqs,,,,
136,ADAPT,Admissions Requirements,High-value page but has quality issues to address,1,https://www.nysid.edu/admissions-requirements,,,,
137,ADAPT,Faculty,High-value page but has quality issues to address,1,https://www.nysid.edu/faculty,,,,
138,ADAPT,International Students,High-value page but has quality issues to address,1,https://www.nysid.edu/international-students,,,,
139,ADAPT,Associate In Applied Science,High-value page but has quality issues to address,1,https://www.nysid.edu/associate-in-applied-science,,,,
140,ADAPT,Basic Interior Design,High-value page but has quality issues to address,1,https://www.nysid.edu/basic-interior-design,,,,
141,ADAPT,Atelier Magazine,Low traffic but serves important strategic value (Credibility & Accreditation) - improve content quality,1,https://www.nysid.edu/atelier-mag/corey-damen-jenkins-giving,,,,
142,ADAPT,Search & Utility,High-value page but has quality issues to address,1,https://www.nysid.edu/search,,,,
143,ADAPT,Atelier Magazine,Low traffic but serves important strategic value (NYC Industry Access) - improve content quality,1,https://www.nysid.edu/atelier-mag/tag/career+changer,,,,
144,ADAPT,Request Information,High-value page but has quality issues to address,1,https://www.nysid.edu/request-information,,,,
145,ADAPT,Academic Catalog,Traffic present but poor engagement - content restructure needed,1,https://www.nysid.edu/academic-catalog,,,,
146,ADAPT,Take A Class,Traffic present but poor engagement - content restructure needed,1,https://www.nysid.edu/take-a-class,,,,
147,ADAPT,Student Resources,Traffic present but poor engagement - content restructure needed,1,https://www.nysid.edu/student-handbook,,,,
148,FLAG FOR REVIEW,Annual Gala 2022,Moderate traffic but unclear strategic value value,1,https://www.nysid.edu/annual-gala-2022,,,,
149,FLAG FOR REVIEW,Campus Safety Security,Moderate traffic but unclear strategic value value,1,https://www.nysid.edu/campus-safety-security,,,,
150,FLAG FOR REVIEW,Certification Licensure,Moderate traffic but unclear strategic value value,1,https://www.nysid.edu/certification-licensure,,,,
151,FLAG FOR REVIEW,Commencement 2022,Moderate traffic but unclear strategic value value,1,https://www.nysid.edu/commencement-2022,,,,
152,FLAG FOR REVIEW,Commencement2023,Moderate traffic but unclear strategic value value,1,https://www.nysid.edu/commencement2023,,,,
153,FLAG FOR REVIEW,Student Complaint Information,Moderate traffic but unclear strategic value value,1,https://www.nysid.edu/student-complaint-information,,,,
154,FLAG FOR REVIEW,Student Clubs Organizations,Moderate traffic but unclear strategic value value,1,https://www.nysid.edu/student-clubs-organizations,,,,
155,LEAVE BEHIND,Student Life Folder,Low traffic + poor quality + weak strategic value alignment,1,https://www.nysid.edu/student-life-folder,,,,
156,LEAVE BEHIND,Support Folder,Low traffic + poor quality + weak strategic value alignment,1,https://www.nysid.edu/support-folder,,,,
157,LEAVE BEHIND,Robert Herring Travel Prize,Low traffic + poor quality + weak strategic value alignment,1,https://www.nysid.edu/robert-herring-travel-prize,,,,
158,LEAVE BEHIND,Page.Redir,Low traffic + poor quality + weak strategic value alignment,1,https://www.nysid.edu/page.redir?target=http%3a%2f%2fwww.msche.org%2f&srcid=6895&srctid=1&erid=972259&trid=c30e6703-84d9-4425-860e-a478fe425be0,,,,
159,LEAVE BEHIND,Nysid Emergency Procedures,Low traffic + poor quality + weak strategic value alignment,1,https://www.nysid.edu/nysid-emergency-procedures,,,,
160,LEAVE BEHIND,Scholarshipfunds,Low traffic + poor quality + weak strategic value alignment,1,https://www.nysid.edu/scholarshipfunds,,,,
161,LEAVE BEHIND,Lives Changed Natasha Rivera,Low traffic + poor quality + weak strategic value alignment,1,https://www.nysid.edu/lives-changed-natasha-rivera,,,,
162,LEAVE BEHIND,Lives Changed Rishae Rucker,Low traffic + poor quality + weak strategic value alignment,1,https://www.nysid.edu/lives-changed-rishae-rucker,,,,
163,LEAVE BEHIND,Nondescrimination Policy,Low traffic + poor quality + weak strategic value alignment,1,https://www.nysid.edu/nondescrimination-policy,,,,
164,LEAVE BEHIND,Lives Changed Ryan Biggs,Low traffic + poor quality + weak strategic value alignment,1,https://www.nysid.edu/lives-changed-ryan-biggs,,,,
165,LEAVE BEHIND,Design The Future,Low traffic + poor quality + weak strategic value alignment,1,https://www.nysid.edu/design-the-future,,,,
166,LEAVE BEHIND,Fall Precollege,Low traffic + poor quality + weak strategic value alignment,1,https://www.nysid.edu/fall-precollege,,,,
167,LEAVE BEHIND,Lives Changed Ashley Abaunza,Low traffic + poor quality + weak strategic value alignment,1,https://www.nysid.edu/lives-changed-ashley-abaunza,,,,
168,LEAVE BEHIND,Open House,Low traffic + poor quality + weak strategic value alignment,1,https://www.nysid.edu/open-house,,,,
169,LEAVE BEHIND,Support Us,Low traffic + poor quality + weak strategic value alignment,1,https://www.nysid.edu/support-us/gala-dinner-2017-support-centennial-scholarships,,,,
170,LEAVE BEHIND,At A Glance,Low traffic + poor quality + weak strategic value alignment,1,https://www.nysid.edu/at-a-glance/strategic-plan,,,,
171,LEAVE BEHIND,Carousel Stories,Low traffic + poor quality + weak strategic value alignment,1,https://www.nysid.edu/carousel-stories/health-advisory-coronavirus-covid-2019,,,,
172,LEAVE BEHIND,Commencement,Low traffic + poor quality + weak strategic value alignment,1,https://www.nysid.edu/commencement,,,,
173,LEAVE BEHIND,Commencement 2019,Low traffic + poor quality + weak strategic value alignment,1,https://www.nysid.edu/commencement-2019,,,,
174,LEAVE BEHIND,Commencement2019,Low traffic + poor quality + weak strategic value alignment,1,https://www.nysid.edu/commencement2019,,,,
175,FLAG FOR REVIEW,What Path Is Right For You,Needs manual assessment,1,https://www.nysid.edu/what-path-is-right-for-you,,,,
176,FLAG FOR REVIEW,Student Life,Needs manual assessment,1,https://www.nysid.edu/student-life,,,,
177,LEAVE BEHIND,Blog,Event page with minimal traffic - likely past event,1,https://www.nysid.edu/blog/kravet-exhibit,,,,
178,FLAG FOR REVIEW,Registration,Needs manual assessment,1,https://www.nysid.edu/registration,,,,
179,LEAVE BEHIND, Annual Gala 2022 Jamie Drake,Low traffic + poor quality + weak strategic value alignment,1,https://www.nysid.edu/-annual-gala-2022-jamie-drake,,,,
180,LEAVE BEHIND,2024Scholarshipfund,Low traffic + poor quality + weak strategic value alignment,1,https://www.nysid.edu/2024scholarshipfund,,,,
181,LEAVE BEHIND,About Folder,Low traffic + poor quality + weak strategic value alignment,1,https://www.nysid.edu/about-folder,,,,
182,LEAVE BEHIND,Academic Calendar,Low traffic + poor quality + weak strategic value alignment,1,https://www.nysid.edu/academic-calendar-list/labor-day-no-classes-1,,,,
183,LEAVE BEHIND,Academics Folder,Low traffic + poor quality + weak strategic value alignment,1,https://www.nysid.edu/academics-folder,,,,
184,LEAVE BEHIND,Admissions Folder,Low traffic + poor quality + weak strategic value alignment,1,https://www.nysid.edu/admissions-folder,,,,
185,FLAG FOR REVIEW,Academic Calendar,Needs manual assessment,1,https://www.nysid.edu/academic-calendar,,,,
186,FLAG FOR REVIEW,Alumni,Needs manual assessment,1,https://www.nysid.edu/alumni,,,,
187,FLAG FOR REVIEW,Advising And Transfer Credit,Needs manual assessment,1,https://www.nysid.edu/advising-and-transfer-credit,,,,
188,FLAG FOR REVIEW,Academic Programs,Needs manual assessment,1,https://www.nysid.edu/academic-programs,,,,
189,FLAG FOR REVIEW,Website Privacy Policy,Moderate traffic but unclear strategic value value,1,https://www.nysid.edu/website-privacy-policy,,,,
190,FLAG FOR REVIEW,What Is Interior Design,Moderate traffic but unclear strategic value value,1,https://www.nysid.edu/what-is-interior-design/specialize-in-one-area,,,,
191,FLAG FOR REVIEW,Contact,Needs manual assessment,1,https://www.nysid.edu/contact,,,,
192,FLAG FOR REVIEW,At A Glance,Needs manual assessment,1,https://www.nysid.edu/at-a-glance,,,,
193,FLAG FOR REVIEW,Virtual Commencement 2021,Moderate traffic but unclear strategic value value,1,https://www.nysid.edu/virtual-commencement-2021,,,,
194,FLAG FOR REVIEW,Plan A Visit,Needs manual assessment,1,https://www.nysid.edu/plan-a-visit,,,,
195,FLAG FOR REVIEW,Leadership,Needs manual assessment,1,https://www.nysid.edu/leadership,,,,
196,FLAG FOR REVIEW,Housing,Needs manual assessment,1,https://www.nysid.edu/housing,,,,
197,FLAG FOR REVIEW,News And Events,Needs manual assessment,1,https://www.nysid.edu/news-and-events,,,,
198,FLAG FOR REVIEW,Profiles,Needs manual assessment,1,https://www.nysid.edu/profiles,,,,
199,FLAG FOR REVIEW,Precollege,Needs manual assessment,1,https://www.nysid.edu/precollege,,,,
200,LEAVE BEHIND,Lives Changed Jamela Winocour,Low traffic + poor quality + weak strategic value alignment,1,https://www.nysid.edu/lives-changed-jamela-winocour,,,,
201,LEAVE BEHIND,Annual Gala 2019,Low traffic + poor quality + weak strategic value alignment,1,https://www.nysid.edu/annual-gala-2019,,,,
202,LEAVE BEHIND,\Request Information,Low traffic + poor quality + weak strategic value alignment,1,https://www.nysid.edu/\request-information,,,,
203,MIGRATE,Career And Internship Services,Strong alignment with NYC Industry Access,1,https://www.nysid.edu/career-and-internship-services,,,,
204,LEAVE BEHIND,\Apply,Low traffic + poor quality + weak strategic value alignment,1,https://www.nysid.edu/\apply,,,,
205,LEAVE BEHIND,Virtual Commencement,Low traffic + poor quality + weak strategic value alignment,1,https://www.nysid.edu/virtual-commencement,,,,
206,MIGRATE,Blog,High-performing page,1,https://www.nysid.edu/blog/5-portfolio-tips-from-the-nysid-admissions-team,,,,
207,MIGRATE,Other,Homepage - will be redesigned but content audit valuable,1,https://www.nysid.edu/home-the-foundations-of-enduring-spaces,,,,
208,LEAVE BEHIND,Truth In Advertising,Low traffic + poor quality + weak strategic value alignment,1,https://www.nysid.edu/truth-in-advertising,,,,
209,LEAVE BEHIND,\Plan A Visit,Low traffic + poor quality + weak strategic value alignment,1,https://www.nysid.edu/\plan-a-visit,,,,
210,MIGRATE,Mpsm,Moderate traffic with solid strategic value alignment,1,https://www.nysid.edu/mpsm,,,,
211,LEAVE BEHIND,Ways To Give,Low traffic + poor quality + weak strategic value alignment,1,https://www.nysid.edu/ways-to-give,,,,
212,STALE CONTENT,Profiles,Content from 2019 still getting traffic - may have SEO value,1,https://www.nysid.edu/profiles-list/2019/4/19/yaneli-ronzon,,,,
213,STALE CONTENT,Blog,Content from 2021 - older than 2025,1,https://www.nysid.edu/blog/tag/2021,,,,
214,STALE CONTENT,Blog,Content from 2022 - older than 2025,1,https://www.nysid.edu/blog/tag/2022,,,,
215,STALE CONTENT,Blog,Content from 2023 - older than 2025,1,https://www.nysid.edu/blog/tag/2023,,,,
216,STALE CONTENT,Blog,Content from 2024 - older than 2025,1,https://www.nysid.edu/blog/2024-robert-herring-travel-prize-winner-jason-win-recounts-his-journey,,,,
